split,prob_attack,pred,label,device,scenario,text
test,0.0050349548,0,1,wisenet-camera,ddos_wisenet-camera_80,client max packet size is 254 | server mean packet size is 74 | server bytes is 444 | server stddev packet size is 0 | client max inter-arrival is 12.9s | server stddev inter-arrival is 6.1s | server psh packets is 0 | client min inter-arrival is 0.0s | total min packet size is 66 | server min inter-arrival is 1.0s | total min inter-arrival is 0.0s | server rst packets is 0 | total rst packets is 0
test,0.009569129,0,1,wisenet-camera,ddos_wisenet-camera_80,client max packet size is 255 | server mean packet size is 74 | server bytes is 444 | server stddev packet size is 0 | client max inter-arrival is 13.1s | server stddev inter-arrival is 6.1s | server psh packets is 0 | client min inter-arrival is 0.0s | total min packet size is 66 | server min inter-arrival is 1.0s | total min inter-arrival is 0.0s | server rst packets is 0 | total rst packets is 0
test,0.0042192847,0,1,wisenet-camera,ddos_wisenet-camera_80,client max packet size is 254 | server mean packet size is 74 | server bytes is 444 | server stddev packet size is 0 | client max inter-arrival is 13.3s | server stddev inter-arrival is 6.1s | server psh packets is 0 | client min inter-arrival is 0.0s | total min packet size is 66 | server min inter-arrival is 1.0s | total min inter-arrival is 0.0s | server rst packets is 0 | total rst packets is 0
test,0.004308457,0,1,wisenet-camera,ddos_wisenet-camera_80,client max packet size is 254 | server mean packet size is 74 | server bytes is 444 | server stddev packet size is 0 | client max inter-arrival is 13.2s | server stddev inter-arrival is 6.1s | server psh packets is 0 | client min inter-arrival is 0.0s | total min packet size is 66 | server min inter-arrival is 1.0s | total min inter-arrival is 0.0s | server rst packets is 0 | total rst packets is 0
test,0.010600774,0,1,wisenet-camera,ddos_wisenet-camera_80,client max packet size is 255 | server mean packet size is 74 | server bytes is 444 | server stddev packet size is 0 | client max inter-arrival is 13.0s | server stddev inter-arrival is 6.1s | server psh packets is 0 | client min inter-arrival is 0.0s | total min packet size is 66 | server min inter-arrival is 1.0s | total min inter-arrival is 0.0s | server rst packets is 0 | total rst packets is 0
test,0.0040053483,0,1,wisenet-camera,ddos_wisenet-camera_80,client max packet size is 254 | server mean packet size is 74 | server bytes is 444 | server stddev packet size is 0 | client max inter-arrival is 13.4s | server stddev inter-arrival is 6.1s | server psh packets is 0 | client min inter-arrival is 0.0s | total min packet size is 66 | server min inter-arrival is 1.0s | total min inter-arrival is 0.0s | server rst packets is 0 | total rst packets is 0
test,0.009729743,0,1,wisenet-camera,ddos_wisenet-camera_80,client max packet size is 255 | server mean packet size is 74 | server bytes is 444 | server stddev packet size is 0 | client max inter-arrival is 13.2s | server stddev inter-arrival is 6.1s | server psh packets is 0 | client min inter-arrival is 0.0s | total min packet size is 66 | server min inter-arrival is 1.0s | total min inter-arrival is 0.0s | server rst packets is 0 | total rst packets is 0
test,0.0042192847,0,1,wisenet-camera,ddos_wisenet-camera_80,client max packet size is 254 | server mean packet size is 74 | server bytes is 444 | server stddev packet size is 0 | client max inter-arrival is 13.3s | server stddev inter-arrival is 6.1s | server psh packets is 0 | client min inter-arrival is 0.0s | total min packet size is 66 | server min inter-arrival is 1.0s | total min inter-arrival is 0.0s | server rst packets is 0 | total rst packets is 0
test,0.01032975,0,1,wisenet-camera,ddos_wisenet-camera_80,client max packet size is 253 | server mean packet size is 74 | server bytes is 296 | server stddev packet size is 0 | client max inter-arrival is 7.3s | server stddev inter-arrival is 1.5s | server psh packets is 0 | client min inter-arrival is 0.0s | total min packet size is 66 | server min inter-arrival is 1.0s | total min inter-arrival is 0.0s | server rst packets is 0 | total rst packets is 0
test,0.009569129,0,1,wisenet-camera,ddos_wisenet-camera_80,client max packet size is 255 | server mean packet size is 74 | server bytes is 444 | server stddev packet size is 0 | client max inter-arrival is 13.1s | server stddev inter-arrival is 6.1s | server psh packets is 0 | client min inter-arrival is 0.0s | total min packet size is 66 | server min inter-arrival is 1.0s | total min inter-arrival is 0.0s | server rst packets is 0 | total rst packets is 0
test,0.0042755464,0,1,wisenet-camera,ddos_wisenet-camera_80,client max packet size is 254 | server mean packet size is 74 | server bytes is 444 | server stddev packet size is 0 | client max inter-arrival is 13.1s | server stddev inter-arrival is 6.1s | server psh packets is 0 | client min inter-arrival is 0.0s | total min packet size is 66 | server min inter-arrival is 1.0s | total min inter-arrival is 0.0s | server rst packets is 0 | total rst packets is 0
test,0.004308457,0,1,wisenet-camera,ddos_wisenet-camera_80,client max packet size is 254 | server mean packet size is 74 | server bytes is 444 | server stddev packet size is 0 | client max inter-arrival is 13.2s | server stddev inter-arrival is 6.1s | server psh packets is 0 | client min inter-arrival is 0.0s | total min packet size is 66 | server min inter-arrival is 1.0s | total min inter-arrival is 0.0s | server rst packets is 0 | total rst packets is 0
test,0.029444886,0,1,wisenet-camera,ddos_wisenet-camera_80,client max packet size is 254 | server mean packet size is 74 | server bytes is 296 | server stddev packet size is 0 | client max inter-arrival is 7.2s | server stddev inter-arrival is 1.5s | server psh packets is 0 | client min inter-arrival is 0.0s | total min packet size is 66 | server min inter-arrival is 1.0s | total min inter-arrival is 0.0s | server rst packets is 0 | total rst packets is 0
test,0.0044605173,0,1,wisenet-camera,ddos_wisenet-camera_80,client max packet size is 254 | server mean packet size is 74 | server bytes is 444 | server stddev packet size is 0 | client max inter-arrival is 13.0s | server stddev inter-arrival is 6.1s | server psh packets is 0 | client min inter-arrival is 0.0s | total min packet size is 66 | server min inter-arrival is 1.0s | total min inter-arrival is 0.0s | server rst packets is 0 | total rst packets is 0
test,0.030852502,0,1,wisenet-camera,ddos_wisenet-camera_80,client max packet size is 254 | server mean packet size is 74 | server bytes is 296 | server stddev packet size is 0 | client max inter-arrival is 6.8s | server stddev inter-arrival is 1.5s | server psh packets is 0 | client min inter-arrival is 0.0s | total min packet size is 66 | server min inter-arrival is 1.0s | total min inter-arrival is 0.0s | server rst packets is 0 | total rst packets is 0
test,0.02506593,0,1,wisenet-camera,ddos_wisenet-camera_80,client max packet size is 254 | server mean packet size is 74 | server bytes is 296 | server stddev packet size is 0 | client max inter-arrival is 3.4s | server stddev inter-arrival is 1.5s | server psh packets is 0 | client min inter-arrival is 0.0s | total min packet size is 66 | server min inter-arrival is 1.0s | total min inter-arrival is 0.0s | server rst packets is 0 | total rst packets is 0
test,0.008420141,0,1,wisenet-camera,ddos_wisenet-camera_80,client max packet size is 255 | server mean packet size is 74 | server bytes is 444 | server stddev packet size is 0 | client max inter-arrival is 13.4s | server stddev inter-arrival is 6.1s | server psh packets is 0 | client min inter-arrival is 0.0s | total min packet size is 66 | server min inter-arrival is 1.0s | total min inter-arrival is 0.0s | server rst packets is 0 | total rst packets is 0
test,0.029061142,0,1,wisenet-camera,ddos_wisenet-camera_80,client max packet size is 254 | server mean packet size is 74 | server bytes is 296 | server stddev packet size is 0 | client max inter-arrival is 6.7s | server stddev inter-arrival is 1.5s | server psh packets is 0 | client min inter-arrival is 0.0s | total min packet size is 66 | server min inter-arrival is 1.0s | total min inter-arrival is 0.0s | server rst packets is 0 | total rst packets is 0
test,0.009569129,0,1,wisenet-camera,ddos_wisenet-camera_80,client max packet size is 255 | server mean packet size is 74 | server bytes is 444 | server stddev packet size is 0 | client max inter-arrival is 13.1s | server stddev inter-arrival is 6.1s | server psh packets is 0 | client min inter-arrival is 0.0s | total min packet size is 66 | server min inter-arrival is 1.0s | total min inter-arrival is 0.0s | server rst packets is 0 | total rst packets is 0
test,0.0042755464,0,1,wisenet-camera,ddos_wisenet-camera_80,client max packet size is 254 | server mean packet size is 74 | server bytes is 444 | server stddev packet size is 0 | client max inter-arrival is 13.1s | server stddev inter-arrival is 6.1s | server psh packets is 0 | client min inter-arrival is 0.0s | total min packet size is 66 | server min inter-arrival is 1.0s | total min inter-arrival is 0.0s | server rst packets is 0 | total rst packets is 0
test,0.0042192847,0,1,wisenet-camera,ddos_wisenet-camera_80,client max packet size is 254 | server mean packet size is 74 | server bytes is 444 | server stddev packet size is 0 | client max inter-arrival is 13.3s | server stddev inter-arrival is 6.1s | server psh packets is 0 | client min inter-arrival is 0.0s | total min packet size is 66 | server min inter-arrival is 1.0s | total min inter-arrival is 0.0s | server rst packets is 0 | total rst packets is 0
test,0.0050349548,0,1,wisenet-camera,ddos_wisenet-camera_80,client max packet size is 254 | server mean packet size is 74 | server bytes is 444 | server stddev packet size is 0 | client max inter-arrival is 12.9s | server stddev inter-arrival is 6.1s | server psh packets is 0 | client min inter-arrival is 0.0s | total min packet size is 66 | server min inter-arrival is 1.0s | total min inter-arrival is 0.0s | server rst packets is 0 | total rst packets is 0
test,0.024929361,0,1,wisenet-camera,ddos_wisenet-camera_80,client max packet size is 254 | server mean packet size is 74 | server bytes is 222 | server stddev packet size is 0 | client max inter-arrival is 1.2s | server stddev inter-arrival is 0.7s | server psh packets is 0 | client min inter-arrival is 0.0s | total min packet size is 66 | server min inter-arrival is 1.0s | total min inter-arrival is 0.0s | server rst packets is 0 | total rst packets is 0
test,0.009729743,0,1,wisenet-camera,ddos_wisenet-camera_80,client max packet size is 255 | server mean packet size is 74 | server bytes is 444 | server stddev packet size is 0 | client max inter-arrival is 13.2s | server stddev inter-arrival is 6.1s | server psh packets is 0 | client min inter-arrival is 0.0s | total min packet size is 66 | server min inter-arrival is 1.0s | total min inter-arrival is 0.0s | server rst packets is 0 | total rst packets is 0
test,0.005991312,0,1,wisenet-camera,ddos_wisenet-camera_80,client max packet size is 254 | server mean packet size is 74 | server bytes is 444 | server stddev packet size is 0 | client max inter-arrival is 12.8s | server stddev inter-arrival is 6.1s | server psh packets is 0 | client min inter-arrival is 0.0s | total min packet size is 66 | server min inter-arrival is 1.0s | total min inter-arrival is 0.0s | server rst packets is 0 | total rst packets is 0
test,0.0031623964,0,1,wisenet-camera,ddos_wisenet-camera_80,client max packet size is 253 | server mean packet size is 74 | server bytes is 444 | server stddev packet size is 0 | client max inter-arrival is 13.0s | server stddev inter-arrival is 6.1s | server psh packets is 0 | client min inter-arrival is 0.0s | total min packet size is 66 | server min inter-arrival is 1.0s | total min inter-arrival is 0.0s | server rst packets is 0 | total rst packets is 0
test,0.022862,0,1,wisenet-camera,ddos_wisenet-camera_80,client max packet size is 255 | server mean packet size is 74 | server bytes is 148 | server stddev packet size is 0 | client max inter-arrival is 0.8s | server stddev inter-arrival is 0.0s | server psh packets is 0 | client min inter-arrival is 0.0s | total min packet size is 66 | server min inter-arrival is 1.0s | total min inter-arrival is 0.0s | server rst packets is 0 | total rst packets is 0
test,0.032445855,0,1,wisenet-camera,ddos_wisenet-camera_80,client max packet size is 254 | server mean packet size is 74 | server bytes is 296 | server stddev packet size is 0 | client max inter-arrival is 7.0s | server stddev inter-arrival is 1.5s | server psh packets is 0 | client min inter-arrival is 0.0s | total min packet size is 66 | server min inter-arrival is 1.0s | total min inter-arrival is 0.0s | server rst packets is 0 | total rst packets is 0
test,0.013698173,0,1,wisenet-camera,ddos_wisenet-camera_80,client max packet size is 255 | server mean packet size is 74 | server bytes is 444 | server stddev packet size is 0 | client max inter-arrival is 12.9s | server stddev inter-arrival is 6.1s | server psh packets is 0 | client min inter-arrival is 0.0s | total min packet size is 66 | server min inter-arrival is 1.0s | total min inter-arrival is 0.0s | server rst packets is 0 | total rst packets is 0
test,0.005991312,0,1,wisenet-camera,ddos_wisenet-camera_80,client max packet size is 254 | server mean packet size is 74 | server bytes is 444 | server stddev packet size is 0 | client max inter-arrival is 12.8s | server stddev inter-arrival is 6.1s | server psh packets is 0 | client min inter-arrival is 0.0s | total min packet size is 66 | server min inter-arrival is 1.0s | total min inter-arrival is 0.0s | server rst packets is 0 | total rst packets is 0
test,0.019880384,0,1,wisenet-camera,ddos_wisenet-camera_80,client max packet size is 255 | server mean packet size is 74 | server bytes is 444 | server stddev packet size is 0 | client max inter-arrival is 12.8s | server stddev inter-arrival is 6.1s | server psh packets is 0 | client min inter-arrival is 0.0s | total min packet size is 66 | server min inter-arrival is 1.0s | total min inter-arrival is 0.0s | server rst packets is 0 | total rst packets is 0
test,0.0040053483,0,1,wisenet-camera,ddos_wisenet-camera_80,client max packet size is 254 | server mean packet size is 74 | server bytes is 444 | server stddev packet size is 0 | client max inter-arrival is 13.4s | server stddev inter-arrival is 6.1s | server psh packets is 0 | client min inter-arrival is 0.0s | total min packet size is 66 | server min inter-arrival is 1.0s | total min inter-arrival is 0.0s | server rst packets is 0 | total rst packets is 0
test,0.004308457,0,1,wisenet-camera,ddos_wisenet-camera_80,client max packet size is 254 | server mean packet size is 74 | server bytes is 444 | server stddev packet size is 0 | client max inter-arrival is 13.2s | server stddev inter-arrival is 6.1s | server psh packets is 0 | client min inter-arrival is 0.0s | total min packet size is 66 | server min inter-arrival is 1.0s | total min inter-arrival is 0.0s | server rst packets is 0 | total rst packets is 0
test,0.0029503074,0,1,wisenet-camera,ddos_wisenet-camera_80,client max packet size is 253 | server mean packet size is 74 | server bytes is 444 | server stddev packet size is 0 | client max inter-arrival is 13.4s | server stddev inter-arrival is 6.1s | server psh packets is 0 | client min inter-arrival is 0.0s | total min packet size is 66 | server min inter-arrival is 1.0s | total min inter-arrival is 0.0s | server rst packets is 0 | total rst packets is 0
test,0.009569129,0,1,wisenet-camera,ddos_wisenet-camera_80,client max packet size is 255 | server mean packet size is 74 | server bytes is 444 | server stddev packet size is 0 | client max inter-arrival is 13.1s | server stddev inter-arrival is 6.1s | server psh packets is 0 | client min inter-arrival is 0.0s | total min packet size is 66 | server min inter-arrival is 1.0s | total min inter-arrival is 0.0s | server rst packets is 0 | total rst packets is 0
test,0.013698173,0,1,wisenet-camera,ddos_wisenet-camera_80,client max packet size is 255 | server mean packet size is 74 | server bytes is 444 | server stddev packet size is 0 | client max inter-arrival is 12.9s | server stddev inter-arrival is 6.1s | server psh packets is 0 | client min inter-arrival is 0.0s | total min packet size is 66 | server min inter-arrival is 1.0s | total min inter-arrival is 0.0s | server rst packets is 0 | total rst packets is 0
test,0.0044605173,0,1,wisenet-camera,ddos_wisenet-camera_80,client max packet size is 254 | server mean packet size is 74 | server bytes is 444 | server stddev packet size is 0 | client max inter-arrival is 13.0s | server stddev inter-arrival is 6.1s | server psh packets is 0 | client min inter-arrival is 0.0s | total min packet size is 66 | server min inter-arrival is 1.0s | total min inter-arrival is 0.0s | server rst packets is 0 | total rst packets is 0
test,0.004308457,0,1,wisenet-camera,ddos_wisenet-camera_80,client max packet size is 254 | server mean packet size is 74 | server bytes is 444 | server stddev packet size is 0 | client max inter-arrival is 13.2s | server stddev inter-arrival is 6.1s | server psh packets is 0 | client min inter-arrival is 0.0s | total min packet size is 66 | server min inter-arrival is 1.0s | total min inter-arrival is 0.0s | server rst packets is 0 | total rst packets is 0
test,0.028993748,0,1,wisenet-camera,ddos_wisenet-camera_80,client max packet size is 254 | server mean packet size is 74 | server bytes is 296 | server stddev packet size is 0 | client max inter-arrival is 7.1s | server stddev inter-arrival is 1.5s | server psh packets is 0 | client min inter-arrival is 0.0s | total min packet size is 66 | server min inter-arrival is 1.0s | total min inter-arrival is 0.0s | server rst packets is 0 | total rst packets is 0
test,0.009729743,0,1,wisenet-camera,ddos_wisenet-camera_80,client max packet size is 255 | server mean packet size is 74 | server bytes is 444 | server stddev packet size is 0 | client max inter-arrival is 13.2s | server stddev inter-arrival is 6.1s | server psh packets is 0 | client min inter-arrival is 0.0s | total min packet size is 66 | server min inter-arrival is 1.0s | total min inter-arrival is 0.0s | server rst packets is 0 | total rst packets is 0
test,0.007981083,0,1,wisenet-camera,ddos_wisenet-camera_80,client max packet size is 254 | server mean packet size is 71.20 | server bytes is 356 | server stddev packet size is 6.26 | client max inter-arrival is 14.1s | server stddev inter-arrival is 9.6s | server psh packets is 0 | client min inter-arrival is 0.0s | total min packet size is 60 | server min inter-arrival is 1.0s | total min inter-arrival is 0.0s | server rst packets is 1 | total rst packets is 1
test,0.0042192847,0,1,wisenet-camera,ddos_wisenet-camera_80,client max packet size is 254 | server mean packet size is 74 | server bytes is 444 | server stddev packet size is 0 | client max inter-arrival is 13.3s | server stddev inter-arrival is 6.1s | server psh packets is 0 | client min inter-arrival is 0.0s | total min packet size is 66 | server min inter-arrival is 1.0s | total min inter-arrival is 0.0s | server rst packets is 0 | total rst packets is 0
test,0.030852502,0,1,wisenet-camera,ddos_wisenet-camera_80,client max packet size is 254 | server mean packet size is 74 | server bytes is 296 | server stddev packet size is 0 | client max inter-arrival is 6.8s | server stddev inter-arrival is 1.5s | server psh packets is 0 | client min inter-arrival is 0.0s | total min packet size is 66 | server min inter-arrival is 1.0s | total min inter-arrival is 0.0s | server rst packets is 0 | total rst packets is 0
test,0.008187237,0,1,wisenet-camera,ddos_wisenet-camera_80,client max packet size is 254 | server mean packet size is 71.20 | server bytes is 356 | server stddev packet size is 6.26 | client max inter-arrival is 14.1s | server stddev inter-arrival is 9.3s | server psh packets is 0 | client min inter-arrival is 0.0s | total min packet size is 60 | server min inter-arrival is 1.0s | total min inter-arrival is 0.0s | server rst packets is 1 | total rst packets is 1
test,0.008420141,0,1,wisenet-camera,ddos_wisenet-camera_80,client max packet size is 255 | server mean packet size is 74 | server bytes is 444 | server stddev packet size is 0 | client max inter-arrival is 13.4s | server stddev inter-arrival is 6.1s | server psh packets is 0 | client min inter-arrival is 0.0s | total min packet size is 66 | server min inter-arrival is 1.0s | total min inter-arrival is 0.0s | server rst packets is 0 | total rst packets is 0
test,0.02506593,0,1,wisenet-camera,ddos_wisenet-camera_80,client max packet size is 254 | server mean packet size is 74 | server bytes is 296 | server stddev packet size is 0 | client max inter-arrival is 3.4s | server stddev inter-arrival is 1.5s | server psh packets is 0 | client min inter-arrival is 0.0s | total min packet size is 66 | server min inter-arrival is 1.0s | total min inter-arrival is 0.0s | server rst packets is 0 | total rst packets is 0
test,0.009729743,0,1,wisenet-camera,ddos_wisenet-camera_80,client max packet size is 255 | server mean packet size is 74 | server bytes is 444 | server stddev packet size is 0 | client max inter-arrival is 13.2s | server stddev inter-arrival is 6.1s | server psh packets is 0 | client min inter-arrival is 0.0s | total min packet size is 66 | server min inter-arrival is 1.0s | total min inter-arrival is 0.0s | server rst packets is 0 | total rst packets is 0
test,0.005991312,0,1,wisenet-camera,ddos_wisenet-camera_80,client max packet size is 254 | server mean packet size is 74 | server bytes is 444 | server stddev packet size is 0 | client max inter-arrival is 12.8s | server stddev inter-arrival is 6.1s | server psh packets is 0 | client min inter-arrival is 0.0s | total min packet size is 66 | server min inter-arrival is 1.0s | total min inter-arrival is 0.0s | server rst packets is 0 | total rst packets is 0
test,0.019880384,0,1,wisenet-camera,ddos_wisenet-camera_80,client max packet size is 255 | server mean packet size is 74 | server bytes is 444 | server stddev packet size is 0 | client max inter-arrival is 12.8s | server stddev inter-arrival is 6.1s | server psh packets is 0 | client min inter-arrival is 0.0s | total min packet size is 66 | server min inter-arrival is 1.0s | total min inter-arrival is 0.0s | server rst packets is 0 | total rst packets is 0
test,0.028993748,0,1,wisenet-camera,ddos_wisenet-camera_80,client max packet size is 254 | server mean packet size is 74 | server bytes is 296 | server stddev packet size is 0 | client max inter-arrival is 7.1s | server stddev inter-arrival is 1.5s | server psh packets is 0 | client min inter-arrival is 0.0s | total min packet size is 66 | server min inter-arrival is 1.0s | total min inter-arrival is 0.0s | server rst packets is 0 | total rst packets is 0
test,0.007981083,0,1,wisenet-camera,ddos_wisenet-camera_80,client max packet size is 254 | server mean packet size is 71.20 | server bytes is 356 | server stddev packet size is 6.26 | client max inter-arrival is 14.1s | server stddev inter-arrival is 9.6s | server psh packets is 0 | client min inter-arrival is 0.0s | total min packet size is 60 | server min inter-arrival is 1.0s | total min inter-arrival is 0.0s | server rst packets is 1 | total rst packets is 1
test,0.010667532,0,1,wisenet-camera,ddos_wisenet-camera_80,client max packet size is 253 | server mean packet size is 74 | server bytes is 296 | server stddev packet size is 0 | client max inter-arrival is 7.2s | server stddev inter-arrival is 1.5s | server psh packets is 0 | client min inter-arrival is 0.0s | total min packet size is 66 | server min inter-arrival is 1.0s | total min inter-arrival is 0.0s | server rst packets is 0 | total rst packets is 0
test,0.007287825,0,1,wisenet-camera,ddos_wisenet-camera_80,client max packet size is 254 | server mean packet size is 71.20 | server bytes is 356 | server stddev packet size is 6.26 | client max inter-arrival is 14.1s | server stddev inter-arrival is 9.4s | server psh packets is 0 | client min inter-arrival is 0.0s | total min packet size is 60 | server min inter-arrival is 1.0s | total min inter-arrival is 0.0s | server rst packets is 1 | total rst packets is 1
test,0.007852278,0,1,wisenet-camera,ddos_wisenet-camera_80,client max packet size is 254 | server mean packet size is 71.20 | server bytes is 356 | server stddev packet size is 6.26 | client max inter-arrival is 14.1s | server stddev inter-arrival is 9.5s | server psh packets is 0 | client min inter-arrival is 0.0s | total min packet size is 60 | server min inter-arrival is 1.0s | total min inter-arrival is 0.0s | server rst packets is 1 | total rst packets is 1
test,0.02506593,0,1,wisenet-camera,ddos_wisenet-camera_80,client max packet size is 254 | server mean packet size is 74 | server bytes is 296 | server stddev packet size is 0 | client max inter-arrival is 3.4s | server stddev inter-arrival is 1.5s | server psh packets is 0 | client min inter-arrival is 0.0s | total min packet size is 66 | server min inter-arrival is 1.0s | total min inter-arrival is 0.0s | server rst packets is 0 | total rst packets is 0
test,0.029444886,0,1,wisenet-camera,ddos_wisenet-camera_80,client max packet size is 254 | server mean packet size is 74 | server bytes is 296 | server stddev packet size is 0 | client max inter-arrival is 7.2s | server stddev inter-arrival is 1.5s | server psh packets is 0 | client min inter-arrival is 0.0s | total min packet size is 66 | server min inter-arrival is 1.0s | total min inter-arrival is 0.0s | server rst packets is 0 | total rst packets is 0
test,0.028993748,0,1,wisenet-camera,ddos_wisenet-camera_80,client max packet size is 254 | server mean packet size is 74 | server bytes is 296 | server stddev packet size is 0 | client max inter-arrival is 7.1s | server stddev inter-arrival is 1.5s | server psh packets is 0 | client min inter-arrival is 0.0s | total min packet size is 66 | server min inter-arrival is 1.0s | total min inter-arrival is 0.0s | server rst packets is 0 | total rst packets is 0
test,0.007287825,0,1,wisenet-camera,ddos_wisenet-camera_80,client max packet size is 254 | server mean packet size is 71.20 | server bytes is 356 | server stddev packet size is 6.26 | client max inter-arrival is 14.1s | server stddev inter-arrival is 9.4s | server psh packets is 0 | client min inter-arrival is 0.0s | total min packet size is 60 | server min inter-arrival is 1.0s | total min inter-arrival is 0.0s | server rst packets is 1 | total rst packets is 1
test,0.029444886,0,1,wisenet-camera,ddos_wisenet-camera_80,client max packet size is 254 | server mean packet size is 74 | server bytes is 296 | server stddev packet size is 0 | client max inter-arrival is 7.2s | server stddev inter-arrival is 1.5s | server psh packets is 0 | client min inter-arrival is 0.0s | total min packet size is 66 | server min inter-arrival is 1.0s | total min inter-arrival is 0.0s | server rst packets is 0 | total rst packets is 0
test,0.011295517,0,1,wisenet-camera,ddos_wisenet-camera_80,client max packet size is 253 | server mean packet size is 74 | server bytes is 296 | server stddev packet size is 0 | client max inter-arrival is 7.0s | server stddev inter-arrival is 1.5s | server psh packets is 0 | client min inter-arrival is 0.0s | total min packet size is 66 | server min inter-arrival is 1.0s | total min inter-arrival is 0.0s | server rst packets is 0 | total rst packets is 0
test,0.01032975,0,1,wisenet-camera,ddos_wisenet-camera_80,client max packet size is 253 | server mean packet size is 74 | server bytes is 296 | server stddev packet size is 0 | client max inter-arrival is 7.3s | server stddev inter-arrival is 1.5s | server psh packets is 0 | client min inter-arrival is 0.0s | total min packet size is 66 | server min inter-arrival is 1.0s | total min inter-arrival is 0.0s | server rst packets is 0 | total rst packets is 0
test,0.029444886,0,1,wisenet-camera,ddos_wisenet-camera_80,client max packet size is 254 | server mean packet size is 74 | server bytes is 296 | server stddev packet size is 0 | client max inter-arrival is 7.2s | server stddev inter-arrival is 1.5s | server psh packets is 0 | client min inter-arrival is 0.0s | total min packet size is 66 | server min inter-arrival is 1.0s | total min inter-arrival is 0.0s | server rst packets is 0 | total rst packets is 0
test,0.024929361,0,1,wisenet-camera,ddos_wisenet-camera_80,client max packet size is 254 | server mean packet size is 74 | server bytes is 222 | server stddev packet size is 0 | client max inter-arrival is 1.2s | server stddev inter-arrival is 0.7s | server psh packets is 0 | client min inter-arrival is 0.0s | total min packet size is 66 | server min inter-arrival is 1.0s | total min inter-arrival is 0.0s | server rst packets is 0 | total rst packets is 0
test,0.006750493,0,1,wisenet-camera,ddos_wisenet-camera_80,client max packet size is 254 | server mean packet size is 74 | server bytes is 148 | server stddev packet size is 0 | client max inter-arrival is 1.0s | server stddev inter-arrival is 0.0s | server psh packets is 0 | client min inter-arrival is 0.0s | total min packet size is 66 | server min inter-arrival is 1.0s | total min inter-arrival is 0.0s | server rst packets is 0 | total rst packets is 0
test,0.022438098,0,1,wisenet-camera,ddos_wisenet-camera_80,client max packet size is 255 | server mean packet size is 74 | server bytes is 148 | server stddev packet size is 0 | client max inter-arrival is 1.0s | server stddev inter-arrival is 0.0s | server psh packets is 0 | client min inter-arrival is 0.0s | total min packet size is 66 | server min inter-arrival is 1.0s | total min inter-arrival is 0.0s | server rst packets is 0 | total rst packets is 0
test,0.006159685,0,1,wisenet-camera,ddos_wisenet-camera_80,client max packet size is 254 | server mean packet size is 74 | server bytes is 148 | server stddev packet size is 0 | client max inter-arrival is 0.4s | server stddev inter-arrival is 0.0s | server psh packets is 0 | client min inter-arrival is 0.0s | total min packet size is 66 | server min inter-arrival is 1.0s | total min inter-arrival is 0.0s | server rst packets is 0 | total rst packets is 0
test,0.0022783373,0,1,wisenet-camera,dos_wisenet-camera_554,client max packet size is 245 | server mean packet size is 70 | server bytes is 350 | server stddev packet size is 5.66 | client max inter-arrival is 15.0s | server stddev inter-arrival is 8.6s | server psh packets is 0 | client min inter-arrival is 0.0s | total min packet size is 66 | server min inter-arrival is 0.0s | total min inter-arrival is 0.0s | server rst packets is 0 | total rst packets is 0
test,0.005418225,0,1,wisenet-camera,dos_wisenet-camera_80,client max packet size is 254 | server mean packet size is 74 | server bytes is 444 | server stddev packet size is 0 | client max inter-arrival is 11.7s | server stddev inter-arrival is 6.1s | server psh packets is 0 | client min inter-arrival is 0.0s | total min packet size is 66 | server min inter-arrival is 1.0s | total min inter-arrival is 0.0s | server rst packets is 0 | total rst packets is 0
test,0.01579653,0,1,wisenet-camera,dos_wisenet-camera_80,client max packet size is 255 | server mean packet size is 74 | server bytes is 444 | server stddev packet size is 0 | client max inter-arrival is 11.7s | server stddev inter-arrival is 6.1s | server psh packets is 0 | client min inter-arrival is 0.0s | total min packet size is 66 | server min inter-arrival is 1.0s | total min inter-arrival is 0.0s | server rst packets is 0 | total rst packets is 0
test,0.01579653,0,1,wisenet-camera,dos_wisenet-camera_80,client max packet size is 255 | server mean packet size is 74 | server bytes is 444 | server stddev packet size is 0 | client max inter-arrival is 11.7s | server stddev inter-arrival is 6.1s | server psh packets is 0 | client min inter-arrival is 0.0s | total min packet size is 66 | server min inter-arrival is 1.0s | total min inter-arrival is 0.0s | server rst packets is 0 | total rst packets is 0
test,0.01579653,0,1,wisenet-camera,dos_wisenet-camera_80,client max packet size is 255 | server mean packet size is 74 | server bytes is 444 | server stddev packet size is 0 | client max inter-arrival is 11.7s | server stddev inter-arrival is 6.1s | server psh packets is 0 | client min inter-arrival is 0.0s | total min packet size is 66 | server min inter-arrival is 1.0s | total min inter-arrival is 0.0s | server rst packets is 0 | total rst packets is 0
test,0.005418225,0,1,wisenet-camera,dos_wisenet-camera_80,client max packet size is 254 | server mean packet size is 74 | server bytes is 444 | server stddev packet size is 0 | client max inter-arrival is 11.7s | server stddev inter-arrival is 6.1s | server psh packets is 0 | client min inter-arrival is 0.0s | total min packet size is 66 | server min inter-arrival is 1.0s | total min inter-arrival is 0.0s | server rst packets is 0 | total rst packets is 0
test,0.005418225,0,1,wisenet-camera,dos_wisenet-camera_80,client max packet size is 254 | server mean packet size is 74 | server bytes is 444 | server stddev packet size is 0 | client max inter-arrival is 11.7s | server stddev inter-arrival is 6.1s | server psh packets is 0 | client min inter-arrival is 0.0s | total min packet size is 66 | server min inter-arrival is 1.0s | total min inter-arrival is 0.0s | server rst packets is 0 | total rst packets is 0
test,0.01579653,0,1,wisenet-camera,dos_wisenet-camera_80,client max packet size is 255 | server mean packet size is 74 | server bytes is 444 | server stddev packet size is 0 | client max inter-arrival is 11.7s | server stddev inter-arrival is 6.1s | server psh packets is 0 | client min inter-arrival is 0.0s | total min packet size is 66 | server min inter-arrival is 1.0s | total min inter-arrival is 0.0s | server rst packets is 0 | total rst packets is 0
test,0.01579653,0,1,wisenet-camera,dos_wisenet-camera_80,client max packet size is 255 | server mean packet size is 74 | server bytes is 444 | server stddev packet size is 0 | client max inter-arrival is 11.7s | server stddev inter-arrival is 6.1s | server psh packets is 0 | client min inter-arrival is 0.0s | total min packet size is 66 | server min inter-arrival is 1.0s | total min inter-arrival is 0.0s | server rst packets is 0 | total rst packets is 0
test,0.0037517974,0,1,wisenet-camera,dos_wisenet-camera_80,client max packet size is 255 | server mean packet size is 74 | server bytes is 444 | server stddev packet size is 0 | client max inter-arrival is 23.4s | server stddev inter-arrival is 6.1s | server psh packets is 0 | client min inter-arrival is 0.0s | total min packet size is 66 | server min inter-arrival is 1.0s | total min inter-arrival is 0.0s | server rst packets is 0 | total rst packets is 0
test,0.0031370881,0,1,wisenet-camera,dos_wisenet-camera_80,client max packet size is 254 | server mean packet size is 74 | server bytes is 444 | server stddev packet size is 0 | client max inter-arrival is 22.3s | server stddev inter-arrival is 6.1s | server psh packets is 0 | client min inter-arrival is 0.0s | total min packet size is 66 | server min inter-arrival is 1.0s | total min inter-arrival is 0.0s | server rst packets is 0 | total rst packets is 0
test,0.01579653,0,1,wisenet-camera,dos_wisenet-camera_80,client max packet size is 255 | server mean packet size is 74 | server bytes is 444 | server stddev packet size is 0 | client max inter-arrival is 11.7s | server stddev inter-arrival is 6.1s | server psh packets is 0 | client min inter-arrival is 0.0s | total min packet size is 66 | server min inter-arrival is 1.0s | total min inter-arrival is 0.0s | server rst packets is 0 | total rst packets is 0
test,0.01579653,0,1,wisenet-camera,dos_wisenet-camera_80,client max packet size is 255 | server mean packet size is 74 | server bytes is 444 | server stddev packet size is 0 | client max inter-arrival is 11.7s | server stddev inter-arrival is 6.1s | server psh packets is 0 | client min inter-arrival is 0.0s | total min packet size is 66 | server min inter-arrival is 1.0s | total min inter-arrival is 0.0s | server rst packets is 0 | total rst packets is 0
test,0.0051121335,0,1,wisenet-camera,dos_wisenet-camera_80,client max packet size is 255 | server mean packet size is 74 | server bytes is 444 | server stddev packet size is 0 | client max inter-arrival is 22.3s | server stddev inter-arrival is 6.1s | server psh packets is 0 | client min inter-arrival is 0.0s | total min packet size is 66 | server min inter-arrival is 1.0s | total min inter-arrival is 0.0s | server rst packets is 0 | total rst packets is 0
test,0.005418225,0,1,wisenet-camera,dos_wisenet-camera_80,client max packet size is 254 | server mean packet size is 74 | server bytes is 444 | server stddev packet size is 0 | client max inter-arrival is 11.7s | server stddev inter-arrival is 6.1s | server psh packets is 0 | client min inter-arrival is 0.0s | total min packet size is 66 | server min inter-arrival is 1.0s | total min inter-arrival is 0.0s | server rst packets is 0 | total rst packets is 0
test,0.01579653,0,1,wisenet-camera,dos_wisenet-camera_80,client max packet size is 255 | server mean packet size is 74 | server bytes is 444 | server stddev packet size is 0 | client max inter-arrival is 11.7s | server stddev inter-arrival is 6.1s | server psh packets is 0 | client min inter-arrival is 0.0s | total min packet size is 66 | server min inter-arrival is 1.0s | total min inter-arrival is 0.0s | server rst packets is 0 | total rst packets is 0
test,0.0051121335,0,1,wisenet-camera,dos_wisenet-camera_80,client max packet size is 255 | server mean packet size is 74 | server bytes is 444 | server stddev packet size is 0 | client max inter-arrival is 22.3s | server stddev inter-arrival is 6.1s | server psh packets is 0 | client min inter-arrival is 0.0s | total min packet size is 66 | server min inter-arrival is 1.0s | total min inter-arrival is 0.0s | server rst packets is 0 | total rst packets is 0
test,0.008771433,0,1,wisenet-camera,dos_wisenet-camera_80,client max packet size is 264 | server mean packet size is 74 | server bytes is 370 | server stddev packet size is 0 | client max inter-arrival is 6.4s | server stddev inter-arrival is 3.1s | server psh packets is 0 | client min inter-arrival is 0.0s | total min packet size is 66 | server min inter-arrival is 1.0s | total min inter-arrival is 0.0s | server rst packets is 0 | total rst packets is 0
test,0.005418225,0,1,wisenet-camera,dos_wisenet-camera_80,client max packet size is 254 | server mean packet size is 74 | server bytes is 444 | server stddev packet size is 0 | client max inter-arrival is 11.7s | server stddev inter-arrival is 6.1s | server psh packets is 0 | client min inter-arrival is 0.0s | total min packet size is 66 | server min inter-arrival is 1.0s | total min inter-arrival is 0.0s | server rst packets is 0 | total rst packets is 0
test,0.005418225,0,1,wisenet-camera,dos_wisenet-camera_80,client max packet size is 254 | server mean packet size is 74 | server bytes is 444 | server stddev packet size is 0 | client max inter-arrival is 11.7s | server stddev inter-arrival is 6.1s | server psh packets is 0 | client min inter-arrival is 0.0s | total min packet size is 66 | server min inter-arrival is 1.0s | total min inter-arrival is 0.0s | server rst packets is 0 | total rst packets is 0
test,0.01579653,0,1,wisenet-camera,dos_wisenet-camera_80,client max packet size is 255 | server mean packet size is 74 | server bytes is 444 | server stddev packet size is 0 | client max inter-arrival is 11.7s | server stddev inter-arrival is 6.1s | server psh packets is 0 | client min inter-arrival is 0.0s | total min packet size is 66 | server min inter-arrival is 1.0s | total min inter-arrival is 0.0s | server rst packets is 0 | total rst packets is 0
test,0.021553542,0,1,wisenet-camera,dos_wisenet-camera_80,client max packet size is 254 | server mean packet size is 74 | server bytes is 370 | server stddev packet size is 0 | client max inter-arrival is 11.7s | server stddev inter-arrival is 3.1s | server psh packets is 0 | client min inter-arrival is 0.0s | total min packet size is 66 | server min inter-arrival is 1.0s | total min inter-arrival is 0.0s | server rst packets is 0 | total rst packets is 0
test,0.005418225,0,1,wisenet-camera,dos_wisenet-camera_80,client max packet size is 254 | server mean packet size is 74 | server bytes is 444 | server stddev packet size is 0 | client max inter-arrival is 11.7s | server stddev inter-arrival is 6.1s | server psh packets is 0 | client min inter-arrival is 0.0s | total min packet size is 66 | server min inter-arrival is 1.0s | total min inter-arrival is 0.0s | server rst packets is 0 | total rst packets is 0
test,0.01579653,0,1,wisenet-camera,dos_wisenet-camera_80,client max packet size is 255 | server mean packet size is 74 | server bytes is 444 | server stddev packet size is 0 | client max inter-arrival is 11.7s | server stddev inter-arrival is 6.1s | server psh packets is 0 | client min inter-arrival is 0.0s | total min packet size is 66 | server min inter-arrival is 1.0s | total min inter-arrival is 0.0s | server rst packets is 0 | total rst packets is 0
test,0.01579653,0,1,wisenet-camera,dos_wisenet-camera_80,client max packet size is 255 | server mean packet size is 74 | server bytes is 444 | server stddev packet size is 0 | client max inter-arrival is 11.7s | server stddev inter-arrival is 6.1s | server psh packets is 0 | client min inter-arrival is 0.0s | total min packet size is 66 | server min inter-arrival is 1.0s | total min inter-arrival is 0.0s | server rst packets is 0 | total rst packets is 0
test,0.01579653,0,1,wisenet-camera,dos_wisenet-camera_80,client max packet size is 255 | server mean packet size is 74 | server bytes is 444 | server stddev packet size is 0 | client max inter-arrival is 11.7s | server stddev inter-arrival is 6.1s | server psh packets is 0 | client min inter-arrival is 0.0s | total min packet size is 66 | server min inter-arrival is 1.0s | total min inter-arrival is 0.0s | server rst packets is 0 | total rst packets is 0
test,0.0035296017,0,1,wisenet-camera,dos_wisenet-camera_80,client max packet size is 253 | server mean packet size is 74 | server bytes is 444 | server stddev packet size is 0 | client max inter-arrival is 11.7s | server stddev inter-arrival is 6.1s | server psh packets is 0 | client min inter-arrival is 0.0s | total min packet size is 66 | server min inter-arrival is 1.0s | total min inter-arrival is 0.0s | server rst packets is 0 | total rst packets is 0
test,0.01579653,0,1,wisenet-camera,dos_wisenet-camera_80,client max packet size is 255 | server mean packet size is 74 | server bytes is 444 | server stddev packet size is 0 | client max inter-arrival is 11.7s | server stddev inter-arrival is 6.1s | server psh packets is 0 | client min inter-arrival is 0.0s | total min packet size is 66 | server min inter-arrival is 1.0s | total min inter-arrival is 0.0s | server rst packets is 0 | total rst packets is 0
test,0.005418225,0,1,wisenet-camera,dos_wisenet-camera_80,client max packet size is 254 | server mean packet size is 74 | server bytes is 444 | server stddev packet size is 0 | client max inter-arrival is 11.7s | server stddev inter-arrival is 6.1s | server psh packets is 0 | client min inter-arrival is 0.0s | total min packet size is 66 | server min inter-arrival is 1.0s | total min inter-arrival is 0.0s | server rst packets is 0 | total rst packets is 0
test,0.0035296017,0,1,wisenet-camera,dos_wisenet-camera_80,client max packet size is 253 | server mean packet size is 74 | server bytes is 444 | server stddev packet size is 0 | client max inter-arrival is 11.7s | server stddev inter-arrival is 6.1s | server psh packets is 0 | client min inter-arrival is 0.0s | total min packet size is 66 | server min inter-arrival is 1.0s | total min inter-arrival is 0.0s | server rst packets is 0 | total rst packets is 0
test,0.0035296017,0,1,wisenet-camera,dos_wisenet-camera_80,client max packet size is 253 | server mean packet size is 74 | server bytes is 444 | server stddev packet size is 0 | client max inter-arrival is 11.7s | server stddev inter-arrival is 6.1s | server psh packets is 0 | client min inter-arrival is 0.0s | total min packet size is 66 | server min inter-arrival is 1.0s | total min inter-arrival is 0.0s | server rst packets is 0 | total rst packets is 0
test,0.01579653,0,1,wisenet-camera,dos_wisenet-camera_80,client max packet size is 255 | server mean packet size is 74 | server bytes is 444 | server stddev packet size is 0 | client max inter-arrival is 11.7s | server stddev inter-arrival is 6.1s | server psh packets is 0 | client min inter-arrival is 0.0s | total min packet size is 66 | server min inter-arrival is 1.0s | total min inter-arrival is 0.0s | server rst packets is 0 | total rst packets is 0
test,0.005418225,0,1,wisenet-camera,dos_wisenet-camera_80,client max packet size is 254 | server mean packet size is 74 | server bytes is 444 | server stddev packet size is 0 | client max inter-arrival is 11.7s | server stddev inter-arrival is 6.1s | server psh packets is 0 | client min inter-arrival is 0.0s | total min packet size is 66 | server min inter-arrival is 1.0s | total min inter-arrival is 0.0s | server rst packets is 0 | total rst packets is 0
test,0.005418225,0,1,wisenet-camera,dos_wisenet-camera_80,client max packet size is 254 | server mean packet size is 74 | server bytes is 444 | server stddev packet size is 0 | client max inter-arrival is 11.7s | server stddev inter-arrival is 6.1s | server psh packets is 0 | client min inter-arrival is 0.0s | total min packet size is 66 | server min inter-arrival is 1.0s | total min inter-arrival is 0.0s | server rst packets is 0 | total rst packets is 0
test,0.005418225,0,1,wisenet-camera,dos_wisenet-camera_80,client max packet size is 254 | server mean packet size is 74 | server bytes is 444 | server stddev packet size is 0 | client max inter-arrival is 11.7s | server stddev inter-arrival is 6.1s | server psh packets is 0 | client min inter-arrival is 0.0s | total min packet size is 66 | server min inter-arrival is 1.0s | total min inter-arrival is 0.0s | server rst packets is 0 | total rst packets is 0
test,0.01579653,0,1,wisenet-camera,dos_wisenet-camera_80,client max packet size is 255 | server mean packet size is 74 | server bytes is 444 | server stddev packet size is 0 | client max inter-arrival is 11.7s | server stddev inter-arrival is 6.1s | server psh packets is 0 | client min inter-arrival is 0.0s | total min packet size is 66 | server min inter-arrival is 1.0s | total min inter-arrival is 0.0s | server rst packets is 0 | total rst packets is 0
test,0.005418225,0,1,wisenet-camera,dos_wisenet-camera_80,client max packet size is 254 | server mean packet size is 74 | server bytes is 444 | server stddev packet size is 0 | client max inter-arrival is 11.7s | server stddev inter-arrival is 6.1s | server psh packets is 0 | client min inter-arrival is 0.0s | total min packet size is 66 | server min inter-arrival is 1.0s | total min inter-arrival is 0.0s | server rst packets is 0 | total rst packets is 0
test,0.005418225,0,1,wisenet-camera,dos_wisenet-camera_80,client max packet size is 254 | server mean packet size is 74 | server bytes is 444 | server stddev packet size is 0 | client max inter-arrival is 11.7s | server stddev inter-arrival is 6.1s | server psh packets is 0 | client min inter-arrival is 0.0s | total min packet size is 66 | server min inter-arrival is 1.0s | total min inter-arrival is 0.0s | server rst packets is 0 | total rst packets is 0
test,0.01579653,0,1,wisenet-camera,dos_wisenet-camera_80,client max packet size is 255 | server mean packet size is 74 | server bytes is 444 | server stddev packet size is 0 | client max inter-arrival is 11.7s | server stddev inter-arrival is 6.1s | server psh packets is 0 | client min inter-arrival is 0.0s | total min packet size is 66 | server min inter-arrival is 1.0s | total min inter-arrival is 0.0s | server rst packets is 0 | total rst packets is 0
test,0.01579653,0,1,wisenet-camera,dos_wisenet-camera_80,client max packet size is 255 | server mean packet size is 74 | server bytes is 444 | server stddev packet size is 0 | client max inter-arrival is 11.7s | server stddev inter-arrival is 6.1s | server psh packets is 0 | client min inter-arrival is 0.0s | total min packet size is 66 | server min inter-arrival is 1.0s | total min inter-arrival is 0.0s | server rst packets is 0 | total rst packets is 0
test,0.021553542,0,1,wisenet-camera,dos_wisenet-camera_80,client max packet size is 254 | server mean packet size is 74 | server bytes is 370 | server stddev packet size is 0 | client max inter-arrival is 11.7s | server stddev inter-arrival is 3.1s | server psh packets is 0 | client min inter-arrival is 0.0s | total min packet size is 66 | server min inter-arrival is 1.0s | total min inter-arrival is 0.0s | server rst packets is 0 | total rst packets is 0
test,0.0037517974,0,1,wisenet-camera,dos_wisenet-camera_80,client max packet size is 255 | server mean packet size is 74 | server bytes is 444 | server stddev packet size is 0 | client max inter-arrival is 23.4s | server stddev inter-arrival is 6.1s | server psh packets is 0 | client min inter-arrival is 0.0s | total min packet size is 66 | server min inter-arrival is 1.0s | total min inter-arrival is 0.0s | server rst packets is 0 | total rst packets is 0
test,0.005418225,0,1,wisenet-camera,dos_wisenet-camera_80,client max packet size is 254 | server mean packet size is 74 | server bytes is 444 | server stddev packet size is 0 | client max inter-arrival is 11.7s | server stddev inter-arrival is 6.1s | server psh packets is 0 | client min inter-arrival is 0.0s | total min packet size is 66 | server min inter-arrival is 1.0s | total min inter-arrival is 0.0s | server rst packets is 0 | total rst packets is 0
test,0.008582803,0,1,wisenet-camera,dos_wisenet-camera_80,client max packet size is 253 | server mean packet size is 74 | server bytes is 370 | server stddev packet size is 0 | client max inter-arrival is 11.7s | server stddev inter-arrival is 3.1s | server psh packets is 0 | client min inter-arrival is 0.0s | total min packet size is 66 | server min inter-arrival is 1.0s | total min inter-arrival is 0.0s | server rst packets is 0 | total rst packets is 0
test,0.021553542,0,1,wisenet-camera,dos_wisenet-camera_80,client max packet size is 254 | server mean packet size is 74 | server bytes is 370 | server stddev packet size is 0 | client max inter-arrival is 11.7s | server stddev inter-arrival is 3.1s | server psh packets is 0 | client min inter-arrival is 0.0s | total min packet size is 66 | server min inter-arrival is 1.0s | total min inter-arrival is 0.0s | server rst packets is 0 | total rst packets is 0
test,0.021553542,0,1,wisenet-camera,dos_wisenet-camera_80,client max packet size is 254 | server mean packet size is 74 | server bytes is 370 | server stddev packet size is 0 | client max inter-arrival is 11.7s | server stddev inter-arrival is 3.1s | server psh packets is 0 | client min inter-arrival is 0.0s | total min packet size is 66 | server min inter-arrival is 1.0s | total min inter-arrival is 0.0s | server rst packets is 0 | total rst packets is 0
test,0.021553542,0,1,wisenet-camera,dos_wisenet-camera_80,client max packet size is 254 | server mean packet size is 74 | server bytes is 370 | server stddev packet size is 0 | client max inter-arrival is 11.7s | server stddev inter-arrival is 3.1s | server psh packets is 0 | client min inter-arrival is 0.0s | total min packet size is 66 | server min inter-arrival is 1.0s | total min inter-arrival is 0.0s | server rst packets is 0 | total rst packets is 0
test,0.01579653,0,1,wisenet-camera,dos_wisenet-camera_80,client max packet size is 255 | server mean packet size is 74 | server bytes is 444 | server stddev packet size is 0 | client max inter-arrival is 11.7s | server stddev inter-arrival is 6.1s | server psh packets is 0 | client min inter-arrival is 0.0s | total min packet size is 66 | server min inter-arrival is 1.0s | total min inter-arrival is 0.0s | server rst packets is 0 | total rst packets is 0
test,0.023616204,0,1,wisenet-camera,dos_wisenet-camera_80,client max packet size is 254 | server mean packet size is 74 | server bytes is 370 | server stddev packet size is 0 | client max inter-arrival is 6.4s | server stddev inter-arrival is 3.1s | server psh packets is 0 | client min inter-arrival is 0.0s | total min packet size is 66 | server min inter-arrival is 1.0s | total min inter-arrival is 0.0s | server rst packets is 0 | total rst packets is 0
test,0.005418225,0,1,wisenet-camera,dos_wisenet-camera_80,client max packet size is 254 | server mean packet size is 74 | server bytes is 444 | server stddev packet size is 0 | client max inter-arrival is 11.7s | server stddev inter-arrival is 6.1s | server psh packets is 0 | client min inter-arrival is 0.0s | total min packet size is 66 | server min inter-arrival is 1.0s | total min inter-arrival is 0.0s | server rst packets is 0 | total rst packets is 0
test,0.005418225,0,1,wisenet-camera,dos_wisenet-camera_80,client max packet size is 254 | server mean packet size is 74 | server bytes is 444 | server stddev packet size is 0 | client max inter-arrival is 11.7s | server stddev inter-arrival is 6.1s | server psh packets is 0 | client min inter-arrival is 0.0s | total min packet size is 66 | server min inter-arrival is 1.0s | total min inter-arrival is 0.0s | server rst packets is 0 | total rst packets is 0
