model,serialisation,seed,n_params,best_epoch,epochs_run,train_s,threshold,run_dir,val_accuracy,val_balanced_accuracy,val_precision,val_recall,val_f1,val_mcc,val_tp,val_fp,val_tn,val_fn,val_false_positive_rate,val_false_negative_rate,val_pr_auc,val_roc_auc,test_accuracy,test_balanced_accuracy,test_precision,test_recall,test_f1,test_mcc,test_tp,test_fp,test_tn,test_fn,test_false_positive_rate,test_false_negative_rate,test_pr_auc,test_roc_auc,test05_accuracy,test05_balanced_accuracy,test05_precision,test05_recall,test05_f1,test05_mcc,test05_tp,test05_fp,test05_tn,test05_fn,test05_false_positive_rate,test05_false_negative_rate,test05_pr_auc,test05_roc_auc,rec_ddos_wisenet-camera_80,rec_dos_wisenet-camera_554,rec_dos_wisenet-camera_80,disk_mb,rss_mb,lat_p50,lat_p95,lat_p99,lat_threads,fps,order
bert-tiny,raw,42,4386178,6,10,292.45953854202526,0.09999999999999999,experiments/stage1_full_13_rawnames/bert-tiny_s42,0.9997828918801563,0.9994692144373674,1.0,0.9989384288747346,0.9994689325544344,0.9993327109775545,941.0,0.0,3664.0,1.0,0.0,0.0010615711252653928,0.9999988742617972,0.9999997102698893,0.9681240577213008,0.9198266522210183,1.0,0.8396533044420368,0.9128386336866903,0.8986244648243573,775.0,0.0,3720.0,148.0,0.0,0.16034669555796316,0.9972582307627462,0.999301599506052,0.9646780099073875,0.9111592632719393,1.0,0.8223185265438786,0.9024970273483948,0.8874663537439647,759.0,0.0,3720.0,164.0,0.0,0.17768147345612134,0.9972582307627462,0.999301599506052,0.7333333333333333,0.9966666666666668,0.7986348122866894,18.494472,23.183359999999993,0.939813005970791,1.1065895349020138,1.340683479211293,1.0,1044.9005467654895,0
bert-tiny,raw,43,4386178,2,6,169.70064316602657,0.05,experiments/stage1_full_13_rawnames/bert-tiny_s43,0.9982631350412505,0.9957537154989384,1.0,0.9915074309978769,0.9957356076759062,0.9946593809387134,934.0,0.0,3664.0,8.0,0.0,0.008492569002123142,0.9966017841413355,0.9981040061561853,0.96338574197717,0.9083162956232016,0.9986754966887417,0.8169014084507042,0.8986889153754469,0.8832068421267906,754.0,1.0,3719.0,169.0,0.00026881720430107527,0.18309859154929578,0.8849363486987893,0.8776350202122578,0.96338574197717,0.9083162956232016,0.9986754966887417,0.8169014084507042,0.8986889153754469,0.8832068421267906,754.0,1.0,3719.0,169.0,0.00026881720430107527,0.18309859154929578,0.8849363486987893,0.8776350202122578,0.6848484848484848,0.9966666666666668,0.7815699658703071,,,,,,,,0
bert-tiny,raw,44,4386178,9,10,285.04104570799973,0.07,experiments/stage1_full_13_rawnames/bert-tiny_s44,0.9997828918801563,0.9994692144373674,1.0,0.9989384288747346,0.9994689325544344,0.9993327109775545,941.0,0.0,3664.0,1.0,0.0,0.0010615711252653928,0.9998836084588556,0.9999663913071695,0.9664010338143442,0.9154929577464789,1.0,0.8309859154929577,0.9076923076923077,0.8930513209934945,767.0,0.0,3720.0,156.0,0.0,0.16901408450704225,0.9997386666484962,0.9999365090460047,0.9664010338143442,0.9154929577464789,1.0,0.8309859154929577,0.9076923076923077,0.8930513209934945,767.0,0.0,3720.0,156.0,0.0,0.16901408450704225,0.9997386666484962,0.9999365090460047,0.7242424242424242,0.9966666666666668,0.7815699658703071,,,,,,,,0
bert-mini,raw,42,11171074,6,10,1126.2773144579842,0.05,experiments/stage1_full_13_rawnames/bert-mini_s42,0.9997828918801563,0.9994692144373674,1.0,0.9989384288747346,0.9994689325544344,0.9993327109775545,941.0,0.0,3664.0,1.0,0.0,0.0010615711252653928,0.9999899535855653,0.9999973924290045,0.9814774930002154,0.9534127843986999,1.0,0.9068255687973997,0.9511363636363637,0.9414536780062017,837.0,0.0,3720.0,86.0,0.0,0.09317443120260022,0.9983406164695837,0.9995846876128565,0.9808313590351067,0.9517876489707475,1.0,0.9035752979414952,0.9493454752418896,0.9393948142552813,834.0,0.0,3720.0,89.0,0.0,0.09642470205850487,0.9983406164695837,0.9995846876128565,0.8363636363636363,0.9966666666666668,0.89419795221843,45.637769,34.58662399999997,3.5356454900465906,3.7730273703346024,4.531254986068234,1.0,280.9035028637568,1
bert-mini,raw,43,11171074,3,7,788.1560039169854,0.05,experiments/stage1_full_13_rawnames/bert-mini_s43,1.0,1.0,1.0,1.0,1.0,1.0,942.0,0.0,3664.0,0.0,0.0,0.0,1.0,1.0,0.9778160671979323,0.9442036836403034,1.0,0.8884073672806068,0.9409064830751578,0.9297697163388557,820.0,0.0,3720.0,103.0,0.0,0.11159263271939328,0.9994836965428336,0.9998607858898636,0.9694163256515184,0.9230769230769231,1.0,0.8461538461538461,0.9166666666666666,0.9027967804823966,781.0,0.0,3720.0,142.0,0.0,0.15384615384615385,0.9994836965428336,0.9998607858898636,0.806060606060606,0.9966666666666668,0.8703071672354948,,,,,,,,1
bert-mini,raw,44,11171074,9,10,1123.0863954580273,0.05,experiments/stage1_full_13_rawnames/bert-mini_s44,0.9997828918801563,0.9994692144373674,1.0,0.9989384288747346,0.9994689325544344,0.9993327109775545,941.0,0.0,3664.0,1.0,0.0,0.0010615711252653928,0.9999955113271659,0.9999988410795575,0.9782468231746716,0.9452871072589382,1.0,0.8905742145178764,0.9421203438395416,0.931146487514617,822.0,0.0,3720.0,101.0,0.0,0.1094257854821235,0.9999929456711453,0.9999982525425506,0.9748007753607582,0.9366197183098591,1.0,0.8732394366197183,0.9323308270676691,0.9201152753563319,806.0,0.0,3720.0,117.0,0.0,0.1267605633802817,0.9999929456711453,0.9999982525425506,0.8121212121212121,1.0,0.8668941979522184,,,,,,,,1
electra-small,raw,42,13549314,7,10,3154.7718317919644,0.05,experiments/stage1_full_13_rawnames/electra-small_s42,1.0,1.0,1.0,1.0,1.0,1.0,942.0,0.0,3664.0,0.0,0.0,0.0,1.0,1.0,0.9692009476631488,0.9225352112676056,1.0,0.8450704225352113,0.916030534351145,0.9021018359651629,780.0,0.0,3720.0,143.0,0.0,0.15492957746478872,0.997985231371222,0.9994652780204801,0.9685548136980401,0.9209100758396533,1.0,0.8418201516793066,0.9141176470588235,0.9000159457469714,777.0,0.0,3720.0,146.0,0.0,0.1581798483206934,0.997985231371222,0.9994652780204801,0.7393939393939394,1.0,0.8054607508532423,55.166463,72.302592,10.659812483936548,11.297370522515848,11.923318845801985,1.0,93.0567913395042,2
electra-small,raw,43,13549314,4,8,2487.4637088750023,0.43999999999999995,experiments/stage1_full_13_rawnames/electra-small_s43,1.0,1.0,1.0,1.0,1.0,1.0,942.0,0.0,3664.0,0.0,0.0,0.0,1.0,1.0,0.9720008615119535,0.9295774647887324,1.0,0.8591549295774648,0.9242424242424242,0.9111226609979252,793.0,0.0,3720.0,130.0,0.0,0.14084507042253522,0.9446395048678636,0.9470680576427963,0.9717854835235838,0.9290357529794149,1.0,0.8580715059588299,0.9236151603498542,0.9104297714698916,792.0,0.0,3720.0,131.0,0.0,0.1419284940411701,0.9446395048678636,0.9470680576427963,0.7727272727272727,1.0,0.8122866894197952,,,,,,,,2
electra-small,raw,44,13549314,6,10,3117.8965726250317,0.05,experiments/stage1_full_13_rawnames/electra-small_s44,1.0,1.0,1.0,1.0,1.0,1.0,942.0,0.0,3664.0,0.0,0.0,0.0,1.0,1.0,0.9674779237561921,0.9182015167930662,1.0,0.8364030335861322,0.9109144542772861,0.8965358984099838,772.0,0.0,3720.0,151.0,0.0,0.1635969664138678,0.9999976549272325,0.9999994175141835,0.9668317897910833,0.9165763813651138,1.0,0.8331527627302275,0.9089834515366431,0.8944457011909956,769.0,0.0,3720.0,154.0,0.0,0.1668472372697725,0.9999976549272325,0.9999994175141835,0.7242424242424242,1.0,0.7952218430034129,,,,,,,,2
tinybert-4l,raw,42,14350874,6,10,1863.322008749994,0.05,experiments/stage1_full_13_rawnames/tinybert-4l_s42,0.9997828918801563,0.9994692144373674,1.0,0.9989384288747346,0.9994689325544344,0.9993327109775545,941.0,0.0,3664.0,1.0,0.0,0.0010615711252653928,0.9999988742617971,0.9999997102698894,0.9997846220116304,0.9994582881906826,1.0,0.9989165763813651,0.9994579945799458,0.999323832691371,922.0,0.0,3720.0,1.0,0.0,0.0010834236186348862,0.9999988274636162,0.9999997087570918,0.9997846220116304,0.9994582881906826,1.0,0.9989165763813651,0.9994579945799458,0.999323832691371,922.0,0.0,3720.0,1.0,0.0,0.0010834236186348862,0.9999988274636162,0.9999997087570918,1.0,1.0,0.9965870307167236,58.357043,48.72601599999996,5.728957999963313,5.990518754697405,6.701279229018837,1.0,173.67860378223162,3
tinybert-4l,raw,43,14350874,1,5,927.6237782079843,0.05,experiments/stage1_full_13_rawnames/tinybert-4l_s43,0.9982631350412505,0.9957537154989384,1.0,0.9915074309978769,0.9957356076759062,0.9946593809387134,934.0,0.0,3664.0,8.0,0.0,0.008492569002123142,0.9943849369459682,0.9953867723138542,0.9636011199655395,0.9084507042253521,1.0,0.8169014084507042,0.8992248062015504,0.8839695817764007,754.0,0.0,3720.0,169.0,0.0,0.18309859154929578,0.8813028427509441,0.8914677477603421,0.9636011199655395,0.9084507042253521,1.0,0.8169014084507042,0.8992248062015504,0.8839695817764007,754.0,0.0,3720.0,169.0,0.0,0.18309859154929578,0.8813028427509441,0.8914677477603421,0.6848484848484848,0.9966666666666668,0.7815699658703071,,,,,,,,3
tinybert-4l,raw,44,14350874,1,5,923.6944025830016,0.05,experiments/stage1_full_13_rawnames/tinybert-4l_s44,0.9982631350412505,0.9957537154989384,1.0,0.9915074309978769,0.9957356076759062,0.9946593809387134,934.0,0.0,3664.0,8.0,0.0,0.008492569002123142,0.9999462057671668,0.9999860929546909,0.9668317897910833,0.9165763813651138,1.0,0.8331527627302275,0.9089834515366431,0.8944457011909956,769.0,0.0,3720.0,154.0,0.0,0.1668472372697725,0.9899166842032874,0.9964985321357425,0.9668317897910833,0.9165763813651138,1.0,0.8331527627302275,0.9089834515366431,0.8944457011909956,769.0,0.0,3720.0,154.0,0.0,0.1668472372697725,0.9899166842032874,0.9964985321357425,0.7272727272727273,0.9966666666666668,0.7849829351535836,,,,,,,,3
minilm-l6,raw,42,22713986,8,10,3368.856017415994,0.05,experiments/stage1_full_13_rawnames/minilm-l6_s42,0.9995657837603127,0.9989384288747346,1.0,0.9978768577494692,0.9989373007438895,0.9986653404923068,940.0,0.0,3664.0,2.0,0.0,0.0021231422505307855,0.9990622966348329,0.9995677226749738,0.9664010338143442,0.9154929577464789,1.0,0.8309859154929577,0.9076923076923077,0.8930513209934945,767.0,0.0,3720.0,156.0,0.0,0.16901408450704225,0.9349671745574617,0.9732140984867017,0.9664010338143442,0.9154929577464789,1.0,0.8309859154929577,0.9076923076923077,0.8930513209934945,767.0,0.0,3720.0,156.0,0.0,0.16901408450704225,0.9349671745574617,0.9732140984867017,0.7242424242424242,0.9966666666666668,0.7815699658703071,91.813149,74.15398400000004,8.59372949344106,9.472139630815946,9.639271248597652,4.0,114.15979891671542,4
minilm-l6,raw,43,22713986,1,5,1662.5007609589957,0.12,experiments/stage1_full_13_rawnames/minilm-l6_s43,0.9982631350412505,0.9957537154989384,1.0,0.9915074309978769,0.9957356076759062,0.9946593809387134,934.0,0.0,3664.0,8.0,0.0,0.008492569002123142,0.9957553824821727,0.9972939207669272,0.9631703639888003,0.9081818870210511,0.9973544973544973,0.8169014084507042,0.8981536628945801,0.8824454682222101,754.0,2.0,3718.0,169.0,0.0005376344086021505,0.18309859154929578,0.9171502856864948,0.9612776535141369,0.9631703639888003,0.9081818870210511,0.9973544973544973,0.8169014084507042,0.8981536628945801,0.8824454682222101,754.0,2.0,3718.0,169.0,0.0005376344086021505,0.18309859154929578,0.9171502856864948,0.9612776535141369,0.6848484848484848,0.9966666666666668,0.7815699658703071,,,,,,,,4
minilm-l6,raw,44,22713986,1,5,1665.1815246249898,0.05,experiments/stage1_full_13_rawnames/minilm-l6_s44,0.9982631350412505,0.9957537154989384,1.0,0.9915074309978769,0.9957356076759062,0.9946593809387134,934.0,0.0,3664.0,8.0,0.0,0.008492569002123142,0.997539658672306,0.9990331706209032,0.9631703639888003,0.9081818870210511,0.9973544973544973,0.8169014084507042,0.8981536628945801,0.8824454682222101,754.0,2.0,3718.0,169.0,0.0005376344086021505,0.18309859154929578,0.9160897399819116,0.9623802991647155,0.9631703639888003,0.9081818870210511,0.9973544973544973,0.8169014084507042,0.8981536628945801,0.8824454682222101,754.0,2.0,3718.0,169.0,0.0005376344086021505,0.18309859154929578,0.9160897399819116,0.9623802991647155,0.6848484848484848,0.9966666666666668,0.7815699658703071,,,,,,,,4
bert-tiny,readable,42,4386178,5,9,263.390431332984,0.05,experiments/stage1_full_13_readable192/bert-tiny_s42,0.9982631350412505,0.9961480381794751,0.9989316239316239,0.9925690021231423,0.9957401490947817,0.9946573621917656,935.0,1.0,3663.0,7.0,0.0002729257641921397,0.0074309978768577496,0.9994170483451237,0.9998455738510463,0.9627396080120612,0.9062838569880823,1.0,0.8125677139761647,0.8965929468021518,0.8811686738052442,750.0,0.0,3720.0,173.0,0.0,0.18743228602383533,0.9919154687919023,0.9980113934225701,0.9592935601981477,0.8976164680390033,1.0,0.7952329360780065,0.8859384429692215,0.8699330170387239,734.0,0.0,3720.0,189.0,0.0,0.2047670639219935,0.9919154687919023,0.9980113934225701,0.706060606060606,0.9366666666666666,0.8054607508532423,,,,,,,,0
bert-tiny,readable,43,4386178,7,10,285.720279000001,0.05,experiments/stage1_full_13_readable192/bert-tiny_s43,0.9995657837603127,0.9993327515552712,0.9989384288747346,0.9989384288747346,0.9989384288747346,0.9986655031105425,941.0,1.0,3663.0,1.0,0.0002729257641921397,0.0010615711252653928,0.9999887282139149,0.999997102698894,0.9748007753607582,0.9366197183098591,1.0,0.8732394366197183,0.9323308270676691,0.9201152753563319,806.0,0.0,3720.0,117.0,0.0,0.1267605633802817,0.9999469213452132,0.9999868940691294,0.9676933017445617,0.9187432286023836,1.0,0.8374864572047671,0.9115566037735849,0.8972322674810762,773.0,0.0,3720.0,150.0,0.0,0.16251354279523295,0.9999469213452132,0.9999868940691294,0.8,0.9966666666666668,0.8293515358361775,,,,,,,,0
bert-tiny,readable,44,4386178,5,9,249.36855237500276,0.05,experiments/stage1_full_13_readable192/bert-tiny_s44,0.9984802431610942,0.9962845010615711,1.0,0.9925690021231423,0.9962706446457112,0.9953272499301964,935.0,0.0,3664.0,7.0,0.0,0.0074309978768577496,0.9986770924481139,0.9995868448622739,0.96338574197717,0.9087235988303686,0.9973579920739762,0.8179848320693391,0.8988095238095238,0.8831463775593593,755.0,2.0,3718.0,168.0,0.0005376344086021505,0.1820151679306609,0.963050080409081,0.9889758734374818,0.9627396080120612,0.9070984634024162,0.9973474801061007,0.8147345612134345,0.8968395945140131,0.8810430603079688,752.0,2.0,3718.0,171.0,0.0005376344086021505,0.18526543878656554,0.963050080409081,0.9889758734374818,0.6787878787878788,0.9966666666666668,0.7918088737201365,,,,,,,,0
bert-mini,readable,42,11171074,3,7,803.0731571250362,0.24,experiments/stage1_full_13_readable192/bert-mini_s42,0.9995657837603127,0.9989384288747346,1.0,0.9978768577494692,0.9989373007438895,0.9986653404923068,940.0,0.0,3664.0,2.0,0.0,0.0021231422505307855,0.9999366264866831,0.9999829059234742,0.9799698470816283,0.9496208017334777,1.0,0.8992416034669556,0.9469480889903024,0.9366476826593744,830.0,0.0,3720.0,93.0,0.0,0.10075839653304441,0.9995138477537366,0.9998770954927247,0.9799698470816283,0.9496208017334777,1.0,0.8992416034669556,0.9469480889903024,0.9366476826593744,830.0,0.0,3720.0,93.0,0.0,0.10075839653304441,0.9995138477537366,0.9998770954927247,0.8272727272727273,0.9966666666666668,0.8805460750853242,,,,,,,,1
bert-mini,readable,43,11171074,4,8,943.6270642500021,0.05,experiments/stage1_full_13_readable192/bert-mini_s43,0.9995657837603127,0.9989384288747346,1.0,0.9978768577494692,0.9989373007438895,0.9986653404923068,940.0,0.0,3664.0,2.0,0.0,0.0021231422505307855,0.9999932562958851,0.9999982616193364,0.9689855696747792,0.9219934994582881,1.0,0.8439869989165764,0.9153936545240893,0.9014067157947814,779.0,0.0,3720.0,144.0,0.0,0.1560130010834236,1.0,1.0,0.9689855696747792,0.9219934994582881,1.0,0.8439869989165764,0.9153936545240893,0.9014067157947814,779.0,0.0,3720.0,144.0,0.0,0.1560130010834236,1.0,1.0,0.7484848484848485,0.9966666666666668,0.7952218430034129,,,,,,,,1
bert-mini,readable,44,11171074,2,6,681.9258249590057,0.05,experiments/stage1_full_13_readable192/bert-mini_s44,0.9995657837603127,0.9989384288747346,1.0,0.9978768577494692,0.9989373007438895,0.9986653404923068,940.0,0.0,3664.0,2.0,0.0,0.0021231422505307855,0.9996068780725955,0.9998394895187235,0.9681240577213008,0.9198266522210183,1.0,0.8396533044420368,0.9128386336866903,0.8986244648243573,775.0,0.0,3720.0,148.0,0.0,0.16034669555796316,0.9411846115353492,0.9727961649133843,0.9664010338143442,0.9154929577464789,1.0,0.8309859154929577,0.9076923076923077,0.8930513209934945,767.0,0.0,3720.0,156.0,0.0,0.16901408450704225,0.9411846115353492,0.9727961649133843,0.7484848484848485,0.9966666666666668,0.7815699658703071,,,,,,,,1
electra-small,readable,42,13549314,4,8,2521.469026084,0.08,experiments/stage1_full_13_readable192/electra-small_s42,1.0,1.0,1.0,1.0,1.0,1.0,942.0,0.0,3664.0,0.0,0.0,0.0,1.0,1.0,0.9668317897910833,0.9165763813651138,1.0,0.8331527627302275,0.9089834515366431,0.8944457011909956,769.0,0.0,3720.0,154.0,0.0,0.1668472372697725,0.9998417889245187,0.9999633033935624,0.9666164118027137,0.9160346695557964,1.0,0.8320693391115926,0.9083382613837966,0.8937486031021972,768.0,0.0,3720.0,155.0,0.0,0.16793066088840736,0.9998417889245187,0.9999633033935624,0.7272727272727273,1.0,0.7815699658703071,,,,,,,,2
electra-small,readable,43,13549314,4,8,2491.9777829580125,0.05,experiments/stage1_full_13_readable192/electra-small_s43,0.9997828918801563,0.9998635371179039,0.9989395546129375,1.0,0.9994694960212201,0.9993332368492569,942.0,1.0,3663.0,0.0,0.0002729257641921397,0.0,0.9999977473285432,0.9999994205397789,0.9664010338143442,0.9154929577464789,1.0,0.8309859154929577,0.9076923076923077,0.8930513209934945,767.0,0.0,3720.0,156.0,0.0,0.16901408450704225,0.999905926000246,0.9999772830531577,0.9664010338143442,0.9154929577464789,1.0,0.8309859154929577,0.9076923076923077,0.8930513209934945,767.0,0.0,3720.0,156.0,0.0,0.16901408450704225,0.999905926000246,0.9999772830531577,0.7242424242424242,0.9966666666666668,0.7815699658703071,,,,,,,,2
electra-small,readable,44,13549314,5,9,2838.77482362499,0.05,experiments/stage1_full_13_readable192/electra-small_s44,1.0,1.0,1.0,1.0,1.0,1.0,942.0,0.0,3664.0,0.0,0.0,0.0,1.0,1.0,0.9834158948955417,0.9582881906825569,1.0,0.9165763813651138,0.9564725833804409,0.9476228021522426,846.0,0.0,3720.0,77.0,0.0,0.08342361863488625,0.9998207589317812,0.9999568960495812,0.9788929571397803,0.9469122426868906,1.0,0.8938244853737811,0.9439359267734554,0.9332105323800277,825.0,0.0,3720.0,98.0,0.0,0.10617551462621885,0.9998207589317812,0.9999568960495812,0.8333333333333334,1.0,0.924914675767918,,,,,,,,2
tinybert-4l,readable,42,14350874,7,10,1907.188973124983,0.05,experiments/stage1_full_13_readable192/tinybert-4l_s42,0.9991315675206253,0.9994541484716157,0.9957716701902748,1.0,0.9978813559322034,0.9973387504825452,942.0,4.0,3660.0,0.0,0.001091703056768559,0.0,0.9999774826783296,0.9999942053977879,0.9840620288606504,0.9599133261105093,1.0,0.9198266522210184,0.9582392776523702,0.9496767402548472,849.0,0.0,3720.0,74.0,0.0,0.08017334777898158,0.9999576387989914,0.9999895152553036,0.9834158948955417,0.9582881906825569,1.0,0.9165763813651138,0.9564725833804409,0.9476228021522426,846.0,0.0,3720.0,77.0,0.0,0.08342361863488625,0.9999576387989914,0.9999895152553036,0.8606060606060606,1.0,0.9044368600682594,58.357043,43.417599999999936,5.700416993931867,5.886481251218356,5.9850599960191175,1.0,175.09697655480446,3
tinybert-4l,readable,43,14350874,9,10,1914.5286129160086,0.08,experiments/stage1_full_13_readable192/tinybert-4l_s43,0.9993486756404689,0.9995906113537119,0.9968253968253968,1.0,0.9984101748807631,0.9980026146387657,942.0,3.0,3661.0,0.0,0.0008187772925764192,0.0,0.9999898623198937,0.9999973924290045,0.9676933017445617,0.9187432286023836,1.0,0.8374864572047671,0.9115566037735849,0.8972322674810762,773.0,0.0,3720.0,150.0,0.0,0.16251354279523295,0.9961407066786957,0.9989334684700427,0.9676933017445617,0.9187432286023836,1.0,0.8374864572047671,0.9115566037735849,0.8972322674810762,773.0,0.0,3720.0,150.0,0.0,0.16251354279523295,0.9961407066786957,0.9989334684700427,0.7424242424242424,0.9966666666666668,0.7815699658703071,,,,,,,,3
tinybert-4l,readable,44,14350874,7,10,2115.2310155830055,0.6399999999999999,experiments/stage1_full_13_readable192/tinybert-4l_s44,0.9995657837603127,0.9993327515552712,0.9989384288747346,0.9989384288747346,0.9989384288747346,0.9986655031105425,941.0,1.0,3663.0,1.0,0.0002729257641921397,0.0010615711252653928,0.9999955029996817,0.9999988410795575,0.9683394357096705,0.9203683640303358,1.0,0.8407367280606717,0.9134785167745733,0.8993202944908955,776.0,0.0,3720.0,147.0,0.0,0.15926327193932827,0.9941883147008894,0.9979033423036149,0.9683394357096705,0.9203683640303358,1.0,0.8407367280606717,0.9134785167745733,0.8993202944908955,776.0,0.0,3720.0,147.0,0.0,0.15926327193932827,0.9941883147008894,0.9979033423036149,0.7484848484848485,1.0,0.7815699658703071,,,,,,,,3
minilm-l6,readable,42,22713986,7,10,3424.927412665973,0.05,experiments/stage1_full_13_readable192/minilm-l6_s42,0.9995657837603127,0.9989384288747346,1.0,0.9978768577494692,0.9989373007438895,0.9986653404923068,940.0,0.0,3664.0,2.0,0.0,0.0021231422505307855,0.9998879290337555,0.9999695783383862,0.9664010338143442,0.9154929577464789,1.0,0.8309859154929577,0.9076923076923077,0.8930513209934945,767.0,0.0,3720.0,156.0,0.0,0.16901408450704225,0.9954710837698877,0.9988324071808852,0.9664010338143442,0.9154929577464789,1.0,0.8309859154929577,0.9076923076923077,0.8930513209934945,767.0,0.0,3720.0,156.0,0.0,0.16901408450704225,0.9954710837698877,0.9988324071808852,0.7242424242424242,0.9966666666666668,0.7815699658703071,,,,,,,,4
minilm-l6,readable,43,22713986,5,9,3048.8014705000096,0.05,experiments/stage1_full_13_readable192/minilm-l6_s43,0.9995657837603127,0.9989384288747346,1.0,0.9978768577494692,0.9989373007438895,0.9986653404923068,940.0,0.0,3664.0,2.0,0.0,0.0021231422505307855,0.9997703703047924,0.9999266982820163,0.980615981046737,0.9512459371614301,1.0,0.9024918743228603,0.94874715261959,0.9387082446799934,833.0,0.0,3720.0,90.0,0.0,0.09750812567713976,0.9665729913166069,0.98580598562425,0.9730777514538014,0.9322860238353197,1.0,0.8645720476706392,0.9273678094131319,0.9145846182908646,798.0,0.0,3720.0,125.0,0.0,0.13542795232936078,0.9665729913166069,0.98580598562425,0.8515151515151516,0.9966666666666668,0.863481228668942,,,,,,,,4
minilm-l6,readable,44,22713986,4,8,2733.806209625036,0.05,experiments/stage1_full_13_readable192/minilm-l6_s44,0.9995657837603127,0.9989384288747346,1.0,0.9978768577494692,0.9989373007438895,0.9986653404923068,940.0,0.0,3664.0,2.0,0.0,0.0021231422505307855,0.9989445676233617,0.9994596533437172,0.9664010338143442,0.9154929577464789,1.0,0.8309859154929577,0.9076923076923077,0.8930513209934945,767.0,0.0,3720.0,156.0,0.0,0.16901408450704225,0.9941034547493982,0.9983707871713323,0.9664010338143442,0.9154929577464789,1.0,0.8309859154929577,0.9076923076923077,0.8930513209934945,767.0,0.0,3720.0,156.0,0.0,0.16901408450704225,0.9941034547493982,0.9983707871713323,0.7242424242424242,0.9966666666666668,0.7815699658703071,,,,,,,,4
